addr,aid,pid,longitude,latitude,city,country
91.201.7.243,2182,6771,54.3773438,24.453884,Abu Dhabi,AE
80.77.4.60,2825,7047,55.1868599,25.0264601,Dubai,AE
94.203.76.219,2581,6962,55.1868599,25.0264601,Dubai,AE
87.201.194.242,1421,6489,55.1519787,25.0944895,Dubai,AE
185.34.2.114,1457,6798,55.8088856,25.6251285,Dubai,AE
37.252.245.94,1213,6392,55.1856957,25.0282605,Dubai,AE
94.207.43.2,2582,6994,55.1868599,25.0264601,Dubai,AE
185.92.128.30,2431,6906,55.1868599,25.0264601,Dubai,AE
156.154.53.254,2471,6944,56.33641,25.1308322,Offshore Fujairah,AE
194.1.149.210,1029,6295,19.816192,41.324873,Tirana,AL
91.218.5.67,1765,6592,44.5220964,40.2063547,Yerevan,AM
190.124.192.162,3066,7099,-62.2663478,-38.7183177,Bahía Blanca,AR
200.61.6.78,1936,6678,-57.5423114,-38.0041798,Mar Del Plata,AR
143.202.20.39,1933,6627,-60.5700899,-33.8947461,Pergamino,AR
138.204.7.245,1938,6633,-61.7703431,-29.2318102,Tostado,AR
200.3.170.54,3148,7114,-60.6337608,-33.0255203,Villa Gobernador Galvez,AR
94.199.170.201,1370,6476,9.6053289,47.2703929,Feldkirch,AT
80.92.124.145,2762,6959,11.5031339,47.2778747,Hall in Tirol,AT
83.175.125.178,1273,7083,11.4263775,47.2678133,Innsbruck,AT
143.205.170.32,2248,6827,14.2652247,46.6160291,Klagenfurt,AT
178.255.156.202,393,6120,14.3182153,46.61584621,Klagenfurt,AT
194.182.187.2,2920,7046,14.2637197,46.6143179,Klagenfurt,AT
194.93.76.42,1170,6354,14.3122246,46.6364598,Klagenfurt,AT
193.46.104.18,2812,7013,13.0106587,47.7920256,Salzburg,AT
91.135.161.162,1138,6360,13.0405244,47.8224637,Salzburg,AT
193.171.255.2,335,6042,16.3738189,48.2081743,Vienna,AT
92.60.13.86,1112,6304,16.3784865,48.2102659,Wien,AT
193.170.114.242,1148,6334,16.4089842,48.2698987,Wien,AT
5.1.66.5,2546,6886,16.3534291,48.1929976,Vienna,AT
193.46.104.17,2810,7008,16.4106437,48.268991,Vienna,AT
217.243.179.215,2899,7040,16.3920025,48.1930923,Vienna,AT
94.136.2.190,1202,6325,16.3564752,48.2134649,Vienna,AT
195.190.26.29,2020,6686,14.03664,48.16542,Wels,AT
116.90.72.210,2586,6913,138.5939911,-34.926511,Adelaide,AU
103.62.50.173,2588,6914,153.0332005,-27.4539022,Brisbane,AU
203.119.111.139,2332,6849,153.0296446,-27.4655235,Brisbane,AU
45.121.208.237,2587,6915,115.7981235,-31.956679,Perth,AU
156.154.96.254,2472,6975,144.9153835,-37.8230112,"Melbourne, AU",AU
45.121.209.221,2585,6916,144.9153835,-37.8230112,Melbourne,AU
27.131.108.126,2714,6929,145.3145861,-37.8215067,Melbourne,AU
202.142.143.178,1254,6386,146.3992345,-38.2360516,Morwell,AU
150.101.175.170,1558,6486,115.9755566,-32.2275232,Perth,AU
202.165.66.5,2584,6912,151.1893,-33.9181984,"Sydney, Australia",AU
103.126.52.180,1904,6764,151.1893,-33.9181984,"Sydney, Australia",AU
35.189.34.243,2003,6688,151.2092955,-33.8688197,Sydney,AU
139.99.219.16,2084,6727,151.1881473,-33.9213915,Sydney,AU
13.211.21.2,1547,6460,151.2092955,-33.8688197,Sydney,AU
146.185.214.58,1975,6660,151.1893,-33.9181984,Sydney,AU
128.0.115.66,1927,6636,151.1880681,-33.9213238,Sydney,AU
45.76.126.106,1526,6503,151.1929422,-33.9117762,Sydney,AU
129.78.42.129,1171,6356,151.1983395,-33.8768036,Sydney,AU
63.222.191.5,3045,7078,151.1884302,-33.9208487,Sydney,AU
119.17.170.244,1491,6427,151.1929422,-33.9117762,"Sydney, Australia",AU
195.130.61.208,1359,6366,18.39777079,43.8577581,Sarajevo,BA
80.65.65.220,1562,6654,17.9021989,44.1994776,Zenica,BA
103.15.246.16,2224,6785,90.3929228,23.7524948,Dhaka,BD
143.129.80.132,3097,7101,4.4212374,51.1845547,Antwerp,BE
80.67.181.29,2819,7005,4.3689499,50.8229383,Bruxelles,BE
35.241.249.92,2005,6712,3.8183757,50.4491086,Saint-Ghislain,BE
185.111.204.121,1842,6635,4.7243853,50.8450804,Leuven,BE
130.104.228.159,2337,6937,4.6118324,50.668081,Louvain-la-Neuve,BE
91.237.218.10,2437,6865,4.4763689,50.8710479,Zaventem,BE
109.68.162.233,1841,6737,4.4995572,50.8752355,Zaventem,BE
197.239.73.59,1038,6299,-1.5148211,12.3669745,Ouagadougou,BF
193.150.67.79,2545,6893,24.6220771,43.3940733,Pleven,BG
195.250.60.125,2335,6845,27.2590426,44.117715,Silistra,BG
85.187.20.236,1419,6402,23.395407,42.668544,Sofia,BG
213.91.165.187,2294,6897,23.3701737,42.6562037,Sofia,BG
213.91.165.185,2295,6896,23.3241461,42.6932503,Sofia,BG
37.131.2.76,2778,6998,50.5543283,26.233609,Al Manamah,BH
150.164.1.222,2334,6891,-43.9677359,-19.870682,"Belo Horizonte, Brazil",BR
143.208.160.10,2849,7019,-50.1038869,-25.0949222,Ponta Grossa,BR
200.132.1.32,1164,6349,-51.1206198,-30.0688963,Porto Alegre,BR
156.154.122.254,2474,6977,-46.8093581,-23.4935247,São Paulo,BR
152.195.206.35,1061,6298,-46.6333094,-23.5505199,Sao Paulo,BR
35.198.9.221,2006,6711,-46.6333094,-23.5505199,São Paulo,BR
18.228.126.142,1550,6461,-46.6333094,-23.5505199,Sao Paulo,BR
5.188.238.222,1974,6659,-46.8362828,-23.485198,São Paulo,BR
200.160.6.19,1454,6410,-46.730636,-23.6451486,Sao Paulo,BR
148.163.220.5,1869,6602,-46.8631936,-23.4661188,Sao Paulo,BR
177.124.129.226,3146,7113,-46.827197,-23.5029666,Sao Paulo,BR
187.44.229.14,1894,7057,-38.4514286,-12.9800811,Salvador,BR
31.130.200.18,2512,6878,27.4580258,53.887181,Minsk,BY
54.39.185.31,2057,6719,-73.89436684,45.30950244,Beauharnois,CA
103.196.37.98,3116,7121,-121.9201106,37.4718094,"Fremont, CA",US
172.93.18.42,1679,6522,-73.5204089,45.5226232,Longueuil,CA
96.126.70.90,1876,6625,-64.8116388,46.0843447,Moncton,CA
35.203.43.169,2011,6710,-73.567256,45.5016889,Montréal,CA
99.79.30.74,1549,6462,-73.567256,45.5016889,Montreal,CA
206.162.189.131,1577,6498,-73.5653508,45.5000828,Montreal,CA
209.209.88.60,3177,7128,-106.6701577,52.157902,Saskatoon,CA
165.227.45.164,2733,6966,-79.3620133,43.6508291,Toronto,CA
149.248.50.86,1521,6456,-79.3617799,43.6508826,Toronto,CA
207.167.121.7,3069,7088,-79.3617799,43.6508826,Toronto,CA
128.100.103.40,2617,6924,-79.3997198,43.6609605,Toronto,CA
103.144.177.30,2434,6860,-79.3309046,43.7696101,Toronto,CA
23.159.16.30,2541,6888,-79.3831843,43.653226,Toronto,CA
192.30.89.87,1440,6775,-123.1121464,49.2847575,Vancouver,CA
192.102.254.220,2470,6890,-123.1116016,49.2845116,"Vancouver, BC, Canada",CA
23.170.33.3,2198,6774,-123.0296192,49.2593932,Vancouver,CA
206.108.17.63,1576,6493,-123.11780971,49.28102296,Vancouver,CA
155.254.2.42,3024,7070,-80.5510907,43.480232,"Waterloo, Ontario, Canada",CA
147.87.5.254,1826,6656,7.4397554,46.9544044,BFH,CH
89.236.171.11,2514,6885,7.6154363,47.5124986,Basel,CH
213.173.161.11,1437,6540,7.5889323,47.557092,Basel,CH
80.242.193.157,1466,6445,8.6177789,47.4016718,Dübendorf,CH
194.242.34.190,1410,6390,8.5573111,47.4326816,Glattbrugg,CH
185.159.159.9,3092,7120,6.1073684,46.1654594,Geneva,CH
185.134.197.94,1687,6901,6.0558616,46.1994022,Geneve,CH
185.70.40.236,1957,6847,6.1431577,46.2043907,Geneve,CH
5.1.99.172,1667,6520,6.6403302,46.5172206,Lausanne,CH
193.135.150.58,1146,6533,6.6029132,46.5243169,Lausanne,CH
146.228.54.24,2835,7041,8.211035,47.446496,Lupfig,CH
185.188.44.100,1680,6523,7.6162501,47.5134206,Münchenstein,CH
192.42.42.166,1598,6490,6.9493576,46.9999234,Neuchâtel,CH
109.70.154.90,1181,6321,7.2854921,46.4741066,Saanen,CH
185.54.81.31,3033,7073,8.948091,45.85347,"Stabio, TI, Switzerland",CH
185.104.85.110,1839,6618,9.4477722,47.357522,Gais,CH
77.109.180.62,3164,7131,8.7201032,47.5008858,Winterthur,CH
193.148.250.29,2215,6780,8.7236889,47.4988196,Winterthur,CH
5.226.144.240,2343,6834,8.7207455,47.5008806,Winterthur,CH
34.65.57.27,2010,6709,8.541694,47.3768866,Zürich,CH
185.17.70.76,2607,6911,8.5404254,47.4495228,"Zurich, Switzerland",CH
91.132.8.99,1789,6560,8.5574139,47.433041,Zürich,CH
193.36.105.129,1849,6689,8.5448754,47.4093339,Zurich,CH
46.234.34.8,971,6268,8.5202852,47.387837,Zürich,CH
130.59.80.2,1075,6317,8.5460844,47.3782202,Zürich,CH
185.173.128.71,2859,7026,8.4968216,47.3780633,"Zurich, Switzerland",CH
94.177.122.201,1752,6543,8.2110348,47.4464961,Zurich,CH
185.70.41.236,1958,6854,8.541694,47.3768866,Zurich,CH
200.1.122.55,1744,6554,-70.6455164,-33.4390748,"Santiago, Chile",CL
148.163.223.233,2254,6801,-70.6762602,-33.3579911,Santiago,CL
37.252.251.26,1673,6553,-70.7593244,-34.1602376,Santiago,CL
138.186.10.34,3062,7124,-70.57525,-33.55882,Santiago,CL
170.247.95.81,1605,6485,-70.5993464,-33.4183565,Santiago de Chile,CL
138.204.228.25,1934,6652,-71.6233625,-33.0420369,VALPARAISO,CL
196.49.84.188,2934,7050,9.7678687,4.0510564,Douala,CM
156.154.123.254,2475,6978,-74.1619252,4.67135,Bogota,CO
200.107.82.196,660,6167,-84.07009728,9.92935859,San José,CR
80.79.16.242,2269,6809,16.6176942,49.1971726,Brno,CZ
147.251.58.107,2213,6788,16.5989768,49.2099358,Brno,CZ
109.248.43.37,1703,6547,14.5333504,50.0820185,Prague,CZ
185.178.172.32,2156,6963,14.5195484,50.0802774,Prague,CZ
217.31.202.20,1031,6282,14.4513255,50.0791332,Prague,CZ
78.128.211.119,2289,6810,14.3907702,50.1017962,Prague,CZ
85.162.162.14,1806,6577,14.3307671,50.0494871,Praha,CZ
62.109.128.111,3175,7129,14.5274343,50.0652004,Prague,CZ
88.86.103.5,1686,6544,14.482978,50.0601642,Prague,CZ
81.91.95.116,2036,6680,14.4517755,50.0809788,Prague,CZ
188.92.41.251,2283,6856,14.4511421,50.081047,Prague,CZ
93.190.128.178,2797,7024,14.4796791,50.0594847,Prague,CZ
185.70.144.118,2826,7022,10.0839485,53.736687,Tangstedt,DE
5.145.135.67,2813,7006,6.1344538,50.7832007,Aachen,DE
93.90.135.201,3041,7096,14.3460768,51.1939616,Bautzen,DE
185.27.158.238,500,6117,13.404954,52.5200066,Berlin,DE
37.44.1.36,952,6246,13.36945,52.50192,Berlin,DE
217.197.95.69,2132,6842,13.2380091,52.5385355,Berlin,DE
62.154.179.86,3042,7075,13.4228576,52.5457514,Berlin,DE
31.172.2.193,2517,6894,13.3692652,52.5020517,Berlin,DE
77.220.248.89,2141,6751,13.4285599,52.4529565,Berlin,DE
81.169.160.78,1222,6331,13.3224154,52.523444,Berlin,DE
31.209.92.235,1712,6531,8.76863,53.08495,Bremen,DE
134.169.3.165,817,6202,10.5417063,52.2764787,Braunschweig,DE
89.106.219.238,2306,7034,8.7400598,48.7139654,Calw,DE
80.237.204.24,2324,6814,7.058659,50.9123781,Köln,DE
77.220.233.1,2336,6824,13.7347646,51.0377067,Dresden,DE
212.29.44.199,1722,6556,7.52804,51.50437,Deutschland,DE
31.172.2.34,2968,7069,7.3741684,51.5188705,Dortmund,DE
31.172.2.253,1299,6357,7.4879214,51.5209565,Dortmund,DE
213.9.97.164,746,6213,6.7734556,51.2277411,Düsseldorf,DE
194.125.250.102,2973,7068,6.8174322,51.2670946,"Dusseldorf, Germany",DE
91.240.92.5,2323,6816,6.8175201,51.2673008,Düsseldorf,DE
212.119.5.254,1656,6535,6.8071504,51.2196318,Düsseldorf,DE
37.157.253.244,2651,7035,6.8175201,51.2673008,Duesseldorf,DE
204.11.3.45,2821,7004,6.8175201,51.2673008,Düsseldorf,DE
31.172.2.249,1300,6368,6.867753,51.188264,Dusseldorf,DE
185.138.55.234,1629,6507,6.8677694,51.1882705,Dusseldorf,DE
194.50.94.201,1844,6589,6.8175201,51.2673008,Dusseldorf,DE
195.191.197.68,3149,7117,6.8175201,51.2673008,Düsseldorf,DE
213.131.234.24,2259,6802,6.870125,51.186031,Düsseldorf,DE
192.44.83.3,2303,6838,11.02773,49.57384,Erlangen,DE
37.202.7.126,1597,6550,8.62412,52.38469,Espelkamp,DE
193.141.27.220,2270,6813,8.3909827,48.9525729,Ettlingen,DE
107.162.218.5,1403,6439,8.5875079,50.0965986,Frankfurt,DE
45.86.126.73,2356,6869,12.3348451,50.4787549,Falkenstein,DE
156.154.76.254,2483,6979,8.7357106,50.1199637,Frankfurt,DE
82.98.65.254,2894,7036,8.6284112,50.096109,Frankfurt am Main,DE
46.101.130.201,2736,6967,8.73561,50.12007,Frankfurt,DE
34.89.240.90,2008,6708,8.6821267,50.1109221,Frankfurt,DE
3.121.238.252,1546,6463,8.6821267,50.1109221,Frankfurt,DE
2.58.52.152,1716,6534,8.6821267,50.1109221,Frankfurt,DE
185.138.143.34,1154,6313,8.6011068,50.1281415,Frankfurt am Main,DE
45.76.86.163,1525,6561,8.73561,50.12007,Frankfurt,DE
185.171.47.225,1383,6440,8.6317098,50.09958541,"Frankfurt am Main, Germany",DE
185.120.22.29,1479,6433,8.7429433,50.139593,Frankfurt am Main,DE
46.165.195.19,646,6152,8.6821267,50.1109221,Frankfurt am Main,DE
217.243.20.18,1963,6724,8.6821267,50.1109221,Frankfurt am Main,DE
83.243.44.55,1407,6413,8.7431943,50.1398082,Frankfurt am Main,DE
207.226.224.236,2218,6784,8.6954089,50.1137156,Frankfurt,DE
185.91.44.9,1037,6294,8.73699,50.12046,Frankfurt,DE
185.145.196.198,1858,6600,8.6014355,50.1281919,Frankfurt,DE
141.98.136.85,2877,7097,8.7433378,50.1396084,Frankfurt am Main,DE
194.50.92.201,1865,6601,8.7429433,50.139593,Frankfurt,DE
194.93.76.130,1485,6527,8.73609,50.11935,Frankfurt,DE
139.162.139.168,2729,6940,8.6441701,50.0968833,Frankfurt,DE
81.91.160.93,2423,6857,8.73518,50.11893,Frankfurt am Main,DE
195.158.60.23,1814,6679,9.6808449,50.5558095,Fulda,DE
141.28.230.229,2148,6761,8.20947,48.04788,Furtwangen,DE
185.86.232.132,2291,6812,11.6679877,48.2625435,Garching bei München,DE
81.20.112.23,2515,6922,9.930054,51.5452146,Göttingen,DE
185.181.224.13,1001,6272,11.5565,48.06396,Grünwald,DE
213.128.137.33,912,6239,10.0483046,53.5497959,Hamburg,DE
185.41.106.81,2726,6941,10.038666,53.5510053,Hamburg,DE
87.253.184.92,2380,6880,10.0254496,53.6119436,Hamburg,DE
194.233.214.2,2256,6807,10.0008768,53.4761252,Hamburg,DE
195.37.209.21,1821,6579,9.9865943,53.5696044,Hamburg,DE
80.252.103.222,1619,6504,10.0480076,53.549318,Hamburg,DE
93.88.225.55,2209,6789,10.5249999,50.02954,Hassfurt,DE
129.13.73.54,1498,6432,8.4082049,49.0122422,Karlsruhe,DE
212.227.112.66,931,6250,8.3857334,48.999727,Karlsruhe,DE
213.158.113.5,2794,7012,10.1227652,54.3232927,Kiel,DE
85.233.1.54,3140,7118,10.6842713,53.8688989,Lübeck,DE
195.16.81.9,1509,6447,12.3988051,51.3954727,Leipzig,DE
51.89.117.81,2062,6715,8.0795783,50.3986005,Limburg an der Lahn,DE
141.44.3.252,1242,6346,11.6441991,52.1402053,Magdeburg,DE
217.198.242.227,1217,6336,8.2426214,49.9920506,Mainz,DE
213.206.174.172,1360,6387,8.35915723,49.42631922,Mutterstadt,DE
93.190.252.148,1361,6385,8.52663632,49.50707096,Mannheim,DE
185.149.214.109,2572,6908,7.5963725,51.9684549,Münster,DE
185.150.99.5,2717,6939,11.5927295,48.1957367,Munich,DE
194.126.158.162,989,6275,11.6018052,48.1180903,Munchen,DE
94.199.91.189,2490,6900,11.600206,48.104691,Munich,DE
195.30.70.33,1430,6396,11.5266098,48.1400465,Munchen,DE
62.245.181.100,2143,6750,11.5874255,48.1864969,Munich,DE
137.193.69.236,1238,6372,11.6458808,48.0792006,Neubiberg,DE
212.116.14.178,2258,6806,9.9897651,53.702647,Norderstedt,DE
193.27.55.25,2799,6999,11.0766654,49.4521018,Nürnberg,DE
45.83.105.192,1864,6799,11.0766654,49.4521018,Nürnberg,DE
194.150.191.46,409,6081,11.0226507,49.4287056,Nuremberg,DE
85.197.82.113,1785,6558,8.74229,50.1093,Offenbach,DE
185.33.216.12,1809,6576,7.2269892,51.1862032,Remscheid,DE
185.244.192.10,1820,6581,11.0769976,49.4519839,Nuremberg,DE
88.198.173.54,1215,6332,11.0139777,49.4492498,Nuremberg,DE
78.47.56.73,1911,6693,11.014143,49.4494116,Nuremberg,DE
91.190.224.98,2341,6826,7.4401779,52.3106815,"Rheine, Germany",DE
139.19.117.65,2397,6858,7.040975,49.2550284,Saarbrücken,DE
212.9.170.190,1747,6548,9.1685734,48.7076206,Stuttgart,DE
129.143.66.65,2024,6683,9.1070098,48.7457001,Stuttgart,DE
213.182.2.254,2972,7054,10.3166624,47.7561376,Kempten,DE
45.9.86.252,2420,6855,9.2653863,52.9299337,Verden,DE
62.176.249.60,2061,6787,10.79209,52.42821,Wolfsburg,DE
77.214.52.102,779,6225,9.8971509,57.022937,Aalborg,DK
185.38.27.194,1274,6340,12.3774821,55.728092,Ballerup,DK
213.184.86.101,1490,6426,12.3774821,55.728092,Copenhagen,DK
217.28.166.213,1310,6952,10.1627138,56.1091469,Højbjerg,DK
212.10.11.213,1751,6545,9.5069081,55.5123921,Kolding,DK
185.221.36.2,1489,6448,9.983517,56.067627,Skanderborg,DK
46.30.208.71,2046,6714,12.3001995,55.6621478,Tastrup,DK
185.156.96.242,2100,6743,8.8697609,54.951281,Tønder,DK
138.255.248.5,1733,6546,-70.5235185,19.3892489,Moca,DO
45.65.244.254,1339,6364,-70.50933783,19.76694088,sosua,DO
45.5.11.13,3122,7106,-70.6111982,19.3402163,Santiago de los Caballeros,DO
143.255.248.149,1364,6488,-78.47350627,-0.11355198,Quito,EC
95.47.236.146,2293,6815,24.6931534,59.4571601,Tallinn,EE
195.43.87.140,2074,6722,24.684187,59.4296382,Tallinn,EE
212.7.0.250,2142,6749,24.6930161,59.4570977,Tallinn,EE
37.46.78.66,3054,7086,-3.3386556,40.5146179,Alcalá de Henares,ES
84.88.18.254,1227,6352,2.11108515,41.38718715,Barcelona,ES
94.24.115.154,3056,7089,2.1233146,41.4896391,Cerdanyola del Vallès,ES
163.117.253.5,2079,6732,-3.7669863,40.3317753,Leganes,ES
156.154.79.254,2484,6980,-3.5740775,40.4479561,"Madrid, ES",ES
31.47.76.181,1866,6604,-3.6910489,40.4904686,Madrid,ES
92.38.171.55,1983,6668,-3.5793711,40.5813059,Madrid,ES
82.98.154.62,2833,7017,-3.6212106,40.4393233,Madrid,ES
194.156.155.241,2539,6926,-3.6210084,40.439395,"Madrid, ES",ES
147.84.200.125,1827,6687,-1.1306544,37.9922399,Murcia,ES
185.139.168.19,1211,6330,24.8950162,60.20640511,Helsinki,FI
91.232.156.247,2954,7053,24.8701946,60.2201086,Helsinki,FI
213.192.184.42,938,6248,24.9328451,60.1989806,Helsinki,FI
35.228.29.222,2004,6707,27.1878317,60.5693374,Hamina,FI
93.174.194.183,1868,6658,25.4682528,65.0126435,Oulu,FI
185.239.193.37,3102,7100,23.848592,61.4520601,Tampere,FI
193.65.45.86,937,6251,23.75596069,61.49408758,Tampere,FI
95.217.19.69,1888,6734,25.0276663,60.3416703,Tuusula,FI
217.25.179.62,2858,7042,2.3674719,48.9093833,Aubervilliers,FR
193.50.97.164,2304,6873,-4.5703774,48.3582065,Brest,FR
185.233.100.99,990,6320,-0.55529761,44.86301121,Bordeaux,FR
80.67.184.90,2388,6840,6.8536049,47.6404485,Belfort,FR
45.148.157.1,2917,7044,6.843583,47.6439736,Belfort,FR
44.151.129.253,2759,6949,2.659396,48.8279179,"Croissy-Beaubourg, France",FR
185.150.253.30,1380,6384,-1.6273963,48.1248752,Cesson- Sevigne,FR
91.234.194.103,2957,7048,6.1409437,48.7039237,Nancy,FR
185.230.79.16,2937,7122,2.163458,48.7124177,Gif-sur-Yvette,FR
145.239.14.84,2019,6696,2.156876,51.017328,"Gravelines, France",FR
5.135.102.47,2755,6951,2.125537,50.98707,Gravelines,FR
193.17.192.164,2085,6728,2.4028701,48.8152394,Ivry sur Seine,FR
77.95.65.42,1611,6495,4.8651905,45.7825977,lyon,FR
212.51.187.100,1379,6443,6.1408527,48.7039885,Maxeville,FR
149.91.83.251,1654,6513,2.214782,48.887975,"Nanterre, France",FR
156.154.78.254,2485,6981,2.3520485,48.9280409,"Paris, FR",FR
51.159.68.135,1651,6817,2.4117285,48.7946957,paris,FR
132.227.123.3,978,6278,2.3551613,48.8464406,Paris,FR
52.47.90.8,1556,6464,2.3522219,48.856614,Paris,FR
5.188.93.37,1984,6666,2.3635156,48.877009,Paris,FR
199.247.13.129,1522,6564,2.3711084,48.9065203,Paris,FR
80.67.163.251,1228,6333,2.3836812,48.8559152,Paris,FR
83.97.95.20,2479,6874,2.289661,48.871365,Paris,FR
192.134.1.25,2305,6830,2.3835199,48.8562606,Paris,FR
195.80.157.38,2753,6960,2.3520324,48.9280308,"Paris, France",FR
37.49.234.132,1843,6593,2.3835199,48.8562606,Paris,FR
89.185.60.124,2277,6846,2.3520485,48.9280409,Paris,FR
192.65.184.54,291,6043,6.045897,46.232473,Prévessin-Moëns,FR
80.93.87.194,3022,7071,4.0345399,49.2336944,Reims,FR
80.67.190.218,1612,6494,-1.6437736,48.1075171,Rennes,FR
45.91.124.83,2415,6848,-1.6369317,48.1080841,RENNES,FR
54.37.106.211,2065,6823,3.177847,50.6927049,"Roubaix, France",FR
213.225.160.239,278,6025,7.747882,48.583148,Strasbourg,FR
80.247.237.225,1082,6310,1.4861224,43.5506282,TOULOUSE,FR
185.119.168.5,2791,7000,1.4212746,43.6198786,Toulouse,FR
185.151.70.11,1353,6395,1.5155506,43.5418329,Toulouse,FR
5.182.144.161,2097,6736,4.733175,45.9426239,Trevoux,FR
81.18.177.166,1756,6717,4.899645,45.7572536,Villeurbanne,FR
185.97.141.2,1470,6648,2.3795177,48.7747877,Vitry-sur-Seine,FR
92.243.9.77,1431,6921,2.3506622,48.9269417,Saint Denis,FR
185.122.101.201,3008,7067,2.3520324,48.9280308,Saint-Denis,FR
217.70.176.109,1163,6363,2.3506638,48.927166,Saint-Denis,FR
178.250.0.57,1805,6573,2.3506622,48.9269417,Saint-Denis,FR
213.157.192.2,1561,6505,44.7148647,41.7197222,Tbilisi,GE
196.49.14.25,943,6380,-0.1869644,5.6037168,Accra,GH
129.122.18.18,1886,6612,-1.5679913,6.6755487,Kumasi,GH
195.130.66.103,2383,6841,23.7455077,37.9733794,Athens,GR
83.212.7.42,2292,6825,23.7339902,37.9851853,Athens,GR
176.119.210.244,2109,6741,23.697774,38.0810715,Athens,GR
139.91.68.3,1020,6297,25.07254743,35.30504661,Heraklion,GR
168.234.77.108,2562,6902,-90.5444695,14.6551427,Guatemala,GT
103.151.64.31,2655,6923,144.6934957,13.4644712,Piti Guame,US
156.154.180.254,2493,6982,114.1193175,22.365483,Hong Kong,CN
178.237.167.62,1226,6381,114.187189,22.45343,Hong Kong,HK
152.195.186.35,1279,6444,114.109497,22.396428,Hong Kong,HK
35.241.102.186,1998,6706,114.1693611,22.3193039,Hong Kong,HK
37.10.40.14,1292,6639,114.187189,22.45343,Hong Kong,HK
63.222.7.46,1987,6773,114.123715,22.3520405,Hong Kong,HK
45.11.104.146,2881,7030,114.1192183,22.3622845,Hong Kong,CN
161.53.251.28,1206,6327,15.9694131,45.7924358,Zagreb,HR
5.28.0.17,326,6039,19.040235,47.497912,Budapest,HU
103.23.232.7,3106,7108,114.5855295,-3.2978639,Banjarmasin,ID
103.41.247.100,1644,6521,107.5927806,-6.866414,Bandung,ID
103.77.105.3,1989,6681,106.8207808,-6.2094736,Jakarta,ID
103.160.63.222,2839,7016,106.8204283,-6.2350045,Jakarta Selatan,ID
202.152.129.74,2962,7059,110.3947423,-7.7789322,"Yogyakarta, Indonesia",ID
193.1.201.140,2782,6965,-6.3655434,53.3342499,Dublin,IE
34.252.48.144,1553,6465,-6.2603097,53.3498053,Dublin,IE
193.242.111.196,780,6200,-6.4405,53.3183,Dublin,IE
146.185.219.73,1981,6664,34.8584755,32.0846913,Petah Tikva,IL
159.65.150.114,2738,6968,77.5945627,12.9715987,"Bangalore, India",IN
156.154.183.254,2519,6954,72.871348,19.0696137,"Mumbai, IN",IN
34.93.255.24,2001,6705,72.8776559,19.0759837,Mumbai,IN
35.154.190.197,1557,6466,72.8776559,19.0759837,Mumbai,IN
156.154.184.254,2523,6953,77.2401945,28.5428603,"Delhi, IN",IN
216.48.178.84,3046,7077,77.376152,28.6248427,Noida,IN
130.193.166.22,2827,7020,44.0082264,36.2387611,erbil,IQ
46.249.122.98,3183,7133,57.0749496,30.2949806,Kerman,IR
185.206.239.122,1536,6596,57.6439048,29.4850089,Kerman,IR
85.185.93.118,1639,6508,59.6167549,36.2604623,Mashad,IR
185.142.156.40,1816,6591,50.8539679,34.6248198,Qom,IR
46.249.96.2,992,6318,51.3889736,35.6891975,Tehran,IR
185.229.28.6,1537,6595,51.381653,35.7248416,Tehran,IR
185.150.109.32,2108,6786,51.3987932,35.7556276,Tehran,IR
193.3.231.158,2860,7027,51.4257572,35.7271652,Tehran,IR
185.93.159.17,2021,6740,-21.907267,64.1453368,Reykjavík,IS
213.190.96.41,303,6041,-21.955246,64.139664,Reykjavik,IS
31.14.143.132,1633,6509,11.8380349,43.4598942,Arezzo,IT
5.158.64.189,2200,6961,14.9837691,40.5906101,Battipaglia,IT
185.144.72.8,3067,7085,11.3311769,46.4827008,Bolzano,IT
185.161.192.39,1488,6424,11.3547582,46.4982953,Meran,IT
217.29.76.27,394,6094,9.10327303,45.47600763,Milan,IT
92.223.93.208,1978,6663,9.1474362,45.4486839,Milano,IT
188.172.218.22,1223,6329,9.3534509,45.5038487,Milano,IT
109.168.125.243,2159,6763,9.1018238,45.4780107,Milano,IT
185.25.205.152,1913,6621,17.2836493,40.9521289,Monopoli,IT
185.78.49.100,1991,6675,9.738335,45.0500362,Piacenza,IT
185.157.231.49,2158,6762,13.3614868,38.11569,Palermo,IT
195.32.69.197,3144,7110,14.1994954,42.4439356,Pescara,IT
194.187.172.112,1461,6450,12.4781296,41.8748745,Rome,IT
194.187.174.6,1462,6435,9.1648264,45.3806799,ROZZANO,IT
185.5.201.10,1367,6496,13.8829543,42.943447,San Benedetto del Tronto,IT
185.215.195.14,2416,6895,13.7330339,45.707985,Sgonico,IT
213.212.129.68,1120,6316,7.6608251,45.0906883,Torino,IT
194.116.77.35,2157,6767,7.6516898,45.0382628,Torino,IT
46.23.125.254,2327,6821,35.910635,31.9539494,Amman,JO
34.97.153.243,2000,6704,135.5022535,34.6937249,Osaka,JP
156.154.181.254,2526,6983,139.748057,35.617458,Tokyo,JP
103.170.232.152,2898,7039,139.747765,35.622214,Tokyo,JP
152.195.112.52,1278,6367,139.6917064,35.6894875,"Tokyo, Japan",JP
34.85.95.162,1999,6703,139.7690174,35.6803997,Tokyo,JP
52.69.122.97,1551,6467,139.6917064,35.6894875,Tokyo,JP
92.38.178.149,1926,6631,139.790771,35.6522452,Tokyo,JP
104.238.161.230,1528,6455,139.7448846,35.6208612,Tokyo,JP
202.214.97.16,1475,6425,139.7194156,35.7312536,Tokyo,JP
63.222.190.5,3043,7080,139.7451371,35.6674565,Tokyo,JP
182.161.74.241,2774,6974,139.7923616,35.6397371,"Tokyo, Japan",JP
103.202.216.76,1349,6370,139.69281953,35.6896342,Tokyo,JP
103.143.136.43,3029,7074,139.7664859,35.6804062,tokyo,JP
103.40.209.7,1830,6580,139.80342,35.656705,Tokyo,JP
196.6.220.42,2387,6882,36.8666473,-1.3281445,Nairobi,KE
13.209.124.58,1552,6468,126.9779692,37.566535,Seoul,KR
92.38.135.131,1947,6641,126.8797332,37.4820962,Seoul,KR
141.164.39.1,2228,6792,126.8886338,37.5776394,"Seoul, South Korea",KR
212.43.17.42,799,6232,47.9439836,29.3438394,Kuwait,KW
81.211.194.45,2121,6746,57.1538615,50.3115195,Aktobe,KZ
217.76.65.78,2312,6839,76.8996132,43.2082184,Almaty,KZ
91.185.6.14,2377,6881,76.9463107,43.2516782,Almaty,KZ
81.211.172.100,2075,6730,76.8996132,43.2082184,Almaty,KZ
81.211.193.45,2120,6745,71.4186237,51.1674269,Nur-Sultan,KZ
81.211.198.45,2123,6747,51.9121447,47.1124955,Atyrau,KZ
81.211.204.45,2124,6755,73.0849834,49.7932749,Karaganda,KZ
81.211.196.45,2125,6756,65.5012541,44.842217,Kyzylorda,KZ
80.241.3.66,426,6086,80.25419836,50.39736766,Semey,KZ
81.211.202.45,2127,6758,80.2515206,50.4111775,Semey,KZ
81.211.201.45,2126,6757,76.9729682,52.2819565,Pavlodar,KZ
81.211.195.45,2122,6759,69.5977179,42.3197827,Shymkent,KZ
81.211.197.45,2128,6752,71.3784105,42.9001714,Taraz,KZ
81.211.203.45,2130,6753,82.631483,49.9530458,Ust-Kamenogorsk,KZ
81.211.199.45,2129,6754,51.3801165,51.216823,Uralsk,KZ
46.166.168.3,2659,6942,23.2940681,55.9210249,Siauliai,LT
62.80.227.146,1165,6324,23.2940681,55.9210249,Siauliai,LT
213.197.128.134,3129,7107,25.3068428,54.6372337,Vilnius,LT
5.20.2.255,930,6245,25.2593819,54.7023955,Vilnius,LT
185.36.180.55,1750,6571,6.1119969,49.5041843,Bettembourg,LU
185.36.180.63,1891,6768,6.1119969,49.5041843,Bettembourg,LU
188.93.174.26,2237,6919,6.112374,49.5048055,BETTEMBOURG,LU
46.29.176.71,1219,6518,6.113479,49.5051956,Bettembourg,LU
85.93.215.82,2822,7033,6.2256543,49.5845783,Contern (Luxembourg),LU
158.64.14.122,939,6249,5.948429,49.504553,Esch-sur-Alzette,LU
92.223.105.240,1948,6642,6.1098375,49.5797474,Luxembourg,LU
212.3.202.246,1239,6351,24.1702776,56.9692587,Riga,LV
46.183.219.225,766,6198,24.1051864,56.9496487,Riga,LV
178.17.170.109,1652,6510,28.83696583,47.02264625,Chisinau,MD
194.149.138.252,982,6276,21.4095479,42.0041182,Skopje,MK
180.149.98.146,2068,6723,106.9057439,47.8863988,ulaanbaatar,MN
102.163.100.12,1330,6578,57.47991016,-20.24451566,Beau Bassin,MU
102.163.98.10,1832,6610,63.4286929,-19.6795306,Rodrigues,MU
123.176.1.4,2421,7115,73.5093474,4.1754959,Male',MV
131.100.0.158,1233,6420,-99.2743234,19.40016385,Mexico City,MX
200.94.183.170,1346,6406,-100.1806902,25.7845395,Monterrey,MX
200.94.182.170,1086,6398,-100.1931493,25.76602539,Monterrey,MX
103.157.198.10,2602,6910,101.7063179,3.1496694,Kuala Lumpur,MY
63.222.188.9,2761,7007,101.686855,3.139003,"Kuala Lumpur, Malaysia",MY
113.23.232.22,2895,7082,101.651988,2.904188,Cyberjaya,MY
41.221.208.94,2219,6777,32.5771309,-25.9751272,Maputo,MZ
103.2.186.195,2842,7018,166.460824,-22.269224,Nouméa,NC
145.220.0.55,282,6031,4.8951679,52.3702157,Amsterdam,NL
156.154.77.254,2494,6984,4.961308,52.3547244,"Amsterdam, NL",NL
91.200.16.69,2273,6932,4.9508821,52.3571608,Amsterdam,NL
199.10.66.231,414,6082,4.832429,52.345433,Amsterdam,NL
51.158.138.25,2852,7076,4.6637487,52.3924715,Amsterdam,NL
188.166.44.91,2737,6969,4.9591573,52.3548837,Amsterdam,NL
46.183.250.14,2481,6870,4.9591573,52.3548837,Amsterdam,NL
92.38.184.82,1973,6661,4.9318931,52.3365239,Amsterdam,NL
37.10.45.14,1293,6400,4.8292414,52.3449285,"Amsterdam, Netherlands",NL
78.141.215.164,1524,6563,4.6647595,52.3908925,Amsterdam,NL
185.184.8.158,3138,7112,4.6637487,52.3924715,Amsterdam,NL
194.122.76.250,954,6254,4.8951679,52.3702157,Amsterdam,NL
84.38.236.1,1922,6626,4.9450801,52.2934123,Amsterdam,NL
194.109.78.2,2266,6955,4.8866781,52.3362774,Amsterdam,NL
193.0.0.164,1135,6307,4.8951679,52.3702157,Amsterdam,NL
193.0.0.165,1304,6348,4.8951679,52.3702157,Amsterdam,NL
46.148.125.32,1819,6584,4.9035614,52.3679843,Amsterdam,NL
5.57.17.65,422,6088,4.832429,52.345433,Amsterdam,NL
178.250.2.47,2834,7015,4.9450536,52.2933512,Amsterdam,NL
45.150.40.189,2884,7031,4.919533,52.3329076,Amsterdam,NL
87.195.25.82,2360,6866,6.001603,52.24703,Apeldoorn,NL
185.54.92.70,1245,6342,6.001603,52.24703,Apeldoorn,NL
94.198.159.9,1783,6567,5.968231,51.9764366,Arnhem,NL
195.246.236.1,2816,7003,5.9339889,51.9870276,Arnhem,NL
37.143.33.15,1381,6374,4.5467266,51.910353,Capelle aan den IJssel,NL
87.195.79.82,2368,6863,5.7022186,52.5389916,Dronten,NL
193.163.86.201,2855,7025,5.705215,52.543666,Dronten,NL
213.136.12.209,932,6237,5.6244979,52.0276218,Ede,NL
212.72.227.133,2268,6808,5.6242823,52.0274615,ede,NL
35.204.192.123,2009,6702,6.8354937,53.4385887,Eemshaven,NL
130.89.144.98,514,6113,6.85753393,52.23915074,Enschede,NL
178.251.24.49,1714,6630,6.8643376,52.2202997,Enschede,NL
5.79.112.97,2035,6713,4.665141,52.391795,Haarlem,NL
185.51.192.48,1962,6655,4.6637487,52.3924715,Haarlem,NL
195.169.128.156,1850,6632,4.327361,52.109415,The Hague,NL
91.215.150.218,1655,6511,5.6407227,52.3619025,Harderwijk,NL
46.22.180.61,1640,6514,4.4735018,51.9202586,Rotterdam,NL
45.87.76.6,1907,6877,4.3050551,51.5875352,"Steenbergen, NL",NL
46.244.63.73,947,6267,6.8750998,53.1062782,Veendam,NL
45.135.151.45,2476,6862,6.864882,53.167096,"Zuidbroek, Neterhlands",NL
195.43.159.22,2478,6868,10.7414967,59.9158102,Oslo,NO
87.238.48.84,1056,6291,10.832721,59.9363245,Oslo,NO
77.234.51.79,851,6269,10.8327503,59.9375391,Oslo,NO
217.168.87.54,2429,6864,10.9752348,63.4614998,Stjørdal,NO
202.70.77.250,951,6279,85.0299827,27.43098251,Hetauda,NP
202.52.0.25,1455,6575,85.3194375,27.709047,Kathmandu,NP
103.242.68.78,3112,7098,174.7655425,-36.8493338,Auckland,NZ
103.121.34.150,2144,6803,174.7654121,-36.8493458,Auckland,NZ
202.46.184.4,2525,6904,174.7654655,-36.8493077,Auckland,NZ
124.157.73.186,2817,7111,174.7787463,-41.2923814,Wellington,NZ
179.0.200.36,3077,7104,-79.5216809,8.9835507,Ciudad de Panama,PA
167.250.112.2,1337,6391,-79.51524612,8.98713136,Panama City,PA
45.183.45.23,2207,6931,-77.042754,-12.0463731,Lima,PE
27.111.84.21,2543,6887,123.9073363,10.31752,Cebu,PH
63.222.187.5,2879,7032,121.0212171,14.5568322,Makati City,PH
210.56.11.202,568,6128,73.0931461,33.7293882,Islamabad,PK
188.241.28.37,1070,6323,19.0029788,50.25361764,Katowice,PL
91.243.43.19,1995,6672,19.0021872,50.2537707,Katowice,PL
51.83.252.103,2253,6800,20.8081434,52.2077836,Ozarów Mazowiecki,PL
213.222.217.85,2743,6956,14.5926809,53.4985109,Szczecin,PL
91.236.55.69,3011,7064,18.6660783,52.9893248,"Poland, Torun",PL
156.154.84.254,2495,6985,21.0024361,52.1533997,"Warsaw, PL",PL
185.236.240.19,2604,6920,20.9849499,52.2410813,"Warsaw, Poland",PL
5.188.108.64,1982,6669,21.00425,52.2276614,Warsaw,PL
195.187.36.10,1994,6731,21.065737,52.1312777,Warsaw,PL
5.182.48.97,2940,7051,-9.0790724,38.6608149,Barreiro,PT
185.39.208.23,953,6260,-9.1393366,38.7222524,Lisboa,PT
185.118.112.5,2013,6667,-9.1393366,38.7222524,Lisbon,PT
185.166.144.170,1960,6651,-9.0984775,38.7475636,Lisbon,PT
185.32.189.249,1203,6328,-9.1236401,38.7879226,Lisboa,PT
45.239.44.43,1767,6637,-56.4495924,-25.7760619,Villarrica,PY
82.148.114.58,334,6090,51.522476,25.280282,Doha,QA
91.220.63.87,1867,6603,26.0722652,44.478107,Bucuresti,RO
185.173.16.151,1477,6417,26.1025287,44.4207835,Bucharest,RO
86.107.73.26,1447,6453,27.5891349,47.1568033,"Iasi, Romania",RO
93.113.126.132,1448,6475,21.2313662,45.7654292,"Timisoara, Romania",RO
193.105.163.172,3063,7090,20.4928708,44.760615,Belgrade,RS
87.237.203.50,1500,6438,20.4649061,44.8001849,Belgrade,RS
176.114.16.104,1921,6624,113.502911,52.0304689,Chita,RU
92.223.109.44,1946,6645,60.6318068,56.8474687,Ekaterinburg,RU
91.213.39.29,3009,7066,39.876352,57.63696,Yaroslavl,RU
195.209.139.36,1684,6526,40.9891995,56.9911293,Ivanovo,RU
92.38.129.121,1804,6606,135.1037969,48.497145,Khabarovsk,RU
185.209.84.141,1688,6936,135.0573101,48.471885,Khabarovsk,RU
92.223.65.18,2070,6805,30.3303049,59.983881,Saint Petersburg,RU
94.242.1.50,2488,6872,30.4104513,59.9096851,"Saint Petersburg, RUssia",RU
188.143.128.12,1606,6623,30.433892,59.876088,Saint-Petersburg,RU
188.124.38.132,2240,6883,30.3291,59.887231,Saint Petersburg,RU
45.142.246.158,2862,7072,30.3291,59.887231,St. Petersburg,RU
94.231.212.79,2710,6933,47.5146913,42.9777885,Makhachkala,RU
146.185.218.110,1985,6665,37.5507341,55.8048977,Moscow,RU
81.27.254.54,1823,6583,37.6547806,55.7746315,Moscow,RU
185.22.25.5,2381,6837,37.6157953,55.741768,Moscow,RU
37.252.254.142,1250,6338,37.513331,55.8865235,Moskva,RU
95.163.252.10,1244,6335,37.6172999,55.755826,Moscow,RU
195.91.164.68,1482,6491,37.6154999,55.73448,Moscow RU,RU
193.232.226.58,2095,6733,37.477039,55.801298,Moscow,RU
193.169.52.51,2414,6853,73.3645204,54.9913545,Omsk,RU
94.247.111.19,1707,6538,82.940642,55.027946,Novosibirsk,RU
109.171.136.4,1224,6431,39.10741478,22.3087422,Makkah,SA
45.94.14.204,2668,7009,46.643329,24.716945,Riyadh,SA
185.71.177.180,1728,6536,21.683491,65.8050711,Boden,SE
194.68.41.27,3169,7130,17.2545898,59.6253325,Grillby,SE
31.15.54.138,3050,7084,15.5757907,58.3936951,Linköping,SE
91.209.0.21,1501,6441,13.2086185,55.6928166,Lund,SE
193.138.218.50,1287,6350,13.0377873,55.598323,Malmö,SE
192.42.97.214,3161,7127,13.0030308,55.600103,"Malmö, Sweden",SE
156.154.85.254,2496,6986,17.9180728,59.4224709,"Stockholm, SE",SE
13.53.120.216,1555,6469,18.0685808,59.3293235,Stockholm,SE
213.108.25.10,2284,6851,18.0868692,59.3035703,Stockholm,SE
193.180.242.86,2522,7002,18.0685808,59.3293235,STOCKHOLM,SE
70.34.195.54,2896,7037,17.8752145,59.3909289,Stockholm,SE
192.42.97.210,3135,7109,18.0835809,59.3159705,"Stockholm, Sweden",SE
185.42.136.158,314,6049,18.06491,59.32893,Stockholm,SE
35.187.225.53,2002,6701,103.7089875,1.3403898,Jurong/Singapore,SG
203.119.15.254,2497,6996,103.7898406,1.2951663,"Singapore, SG",SG
103.62.48.193,2589,6917,103.7909271,1.2961843,Singapore,SG
128.199.105.50,2735,6970,103.695253,1.3218215,Singapore,SG
103.156.251.7,2873,7028,103.819836,1.352083,Singapore,SG
103.102.166.20,1090,6345,103.8677444,1.3553794,Singapore,SG
152.195.196.35,1280,6607,103.819836,1.352083,Singapore,SG
139.99.78.22,2083,6726,103.8916784,1.323963,Singapore,SG
52.76.134.108,1548,6470,103.8677444,1.3553794,Singapore,SG
128.0.113.132,1846,6594,103.789783,1.29546,Singapore,SG
37.10.41.14,1291,6586,103.6959339,1.3213606,Singapore,SG
139.180.132.31,1527,6506,103.695253,1.3218215,Singapore,SG
103.116.125.2,3049,7092,103.7898559,1.2953133,Singapore,SG
203.175.175.206,2018,6676,103.9206987,1.3233821,Singapore,SG
63.222.189.7,2756,7010,103.819836,1.352083,Singapore,SG
103.84.153.114,1569,6487,103.7880297,1.2951763,Singapore,SG
203.174.85.106,3071,7091,103.7898559,1.2953133,Singapore,SG
103.242.74.185,1736,6568,103.789783,1.29546,Singapore,SG
185.28.221.65,553,6149,103.819836,1.352083,Singapore,SG
107.162.219.5,1401,6477,103.7900091,1.2952528,"Singapore, SG",SG
182.161.73.41,3072,7102,103.7984024,1.4291791,Singapore,SG
45.125.196.31,2878,7093,103.7020633,1.3165352,Singapore,SG
139.162.3.33,2609,6918,103.8915812,1.3240179,Singapore,SG
193.2.63.12,2426,6861,14.4604834,46.0499684,LJubljana,SI
185.206.184.74,1705,6541,14.4859426,46.0832956,Ljubljana,SI
67.221.244.87,2922,7056,14.48509,46.0764514,Ljubljana,SI
201.220.0.6,2181,6765,-63.0471371,18.0295839,Philipsburg,SX
103.253.132.25,2599,6905,100.5146131,13.7267124,Bangkok,TH
103.113.176.82,2909,7126,101.10923,13.0981483,"Chonburi, THAILAND",TH
217.11.176.143,1810,6611,68.8116056,38.5581596,Dushanbe,TJ
217.146.6.118,1255,6344,29.00851716,41.06514853,Istanbul,TR
5.188.168.94,1976,6662,28.8273319,40.993267,Istanbul,TR
185.17.112.95,2188,6776,28.8258397,40.9935893,ISTANBUL,TR
185.92.0.41,2669,6997,29.789554,40.765796,KORFEZ,TR
78.189.206.22,2865,7029,30.3948169,40.7730743,Sakarya,TR
131.72.76.118,1418,6393,-61.37337,10.238839,Princes Town,TT
34.80.84.64,1997,6700,120.5161352,24.0517963,Chang-Hua,TW
156.154.182.254,2498,6995,121.5761848,25.0756131,"Taipei, TW",TW
63.222.40.114,2328,6818,121.577712,25.073509,Taipei,TW
196.49.5.98,789,6224,39.28877771,-6.81328337,Dar es Salaam,TZ
193.104.85.3,2372,6876,23.1540298,49.9655319,Chervonograd,UA
77.88.216.1,2350,6829,35.0591955,48.4663437,Dnepropetrovsk,UA
185.28.108.163,1923,6619,37.8395218,48.0019323,Donetsk,UA
91.202.128.78,980,6326,30.47065131,50.38311411,Kyiv,UA
109.70.107.25,839,6211,30.4393301,50.47766102,Kyiv,UA
62.205.155.50,527,6106,30.49593304,50.46042052,Kyiv,UA
88.81.228.254,2385,6844,30.445379,50.451128,Kyiv,UA
195.189.60.149,2422,6852,33.410033,49.065783,Kremenchuk,UA
185.126.112.18,1469,6414,31.9945829,46.975033,Mykolayiv,UA
141.105.133.30,2652,6930,30.7258932,46.4764952,Odesa,UA
193.106.144.26,2014,6677,26.251617,50.6199,Rivne,UA
94.158.46.146,2975,7123,39.307815,48.574041,Lugansk,UA
178.218.68.22,1565,6478,35.1892823,47.7807868,Zaporizhzhia,UA
217.77.210.42,1700,6566,31.9786513,46.9674237,Mykolayiv,UA
196.49.15.189,1240,6358,32.5842534,0.3144843,Kampala,UG
82.148.224.6,2067,6716,-2.4392645,53.5790087,Bolton,GB
37.143.141.141,1533,6501,-1.891346,50.7214204,Bournemouth,GB
86.188.235.234,2338,6843,-2.361035,51.386164,Bath,GB
45.129.95.64,2345,7132,-3.1587354,51.503063,Cardiff,GB
194.81.236.229,1915,6695,-0.624524,51.52036494,Didcot,GB
185.57.191.228,1778,6552,-0.6429203,52.9122044,"Grantham, Lincolnshire",GB
141.170.22.14,3153,7125,-1.5397237,53.7915681,Leeds,GB
194.50.88.164,1663,6674,-0.7857305,53.0530241,"Balderton, Newark",GB
156.154.80.254,2503,6945,-0.6360912,51.5234541,London,GB
46.101.90.215,2734,6971,-0.6290497,51.5224625,London,GB
35.234.152.175,2007,6699,-0.1277583,51.5073509,London,GB
52.56.61.239,1554,6471,-0.1277583,51.5073509,London,GB
185.97.160.7,1787,6559,-0.6360912,51.5234541,London,GB
92.223.59.77,1990,6670,-0.01484,51.499732,London,GB
153.92.43.250,1451,6516,-0.16988,51.239208,London,GB
45.77.229.242,1523,6562,-0.0737773,51.5203975,London,GB
185.113.24.114,1253,6657,-0.0719967,51.5212588,London,GB
193.57.144.24,2740,6948,-0.0720185,51.5211441,London,GB
63.222.217.4,2758,7079,-0.0138439,51.4992089,"London, UK",GB
185.40.232.202,1456,6446,-0.1011476,51.5232113,London,GB
195.66.241.220,1745,7081,-0.0009163,51.5115583,London,GB
107.162.220.5,1402,6451,-0.6351238,51.5242061,London,GB
90.223.193.1,2276,6879,-0.0009163,51.5115583,London,GB
185.232.117.201,2107,6738,-0.1007844,51.5235911,London,GB
185.184.236.30,1870,6609,-0.8201687,52.0418212,Milton Keynes,GB
80.82.242.39,2925,7094,-2.2586245,53.3791257,"Manchester, UK",GB
164.39.242.17,2296,6892,-2.3091011,53.4653587,Manchester,GB
176.74.17.75,1487,6423,-2.2930435,53.4659609,Manchester,GB
46.227.202.97,1666,6519,-2.2426305,53.4807593,"Manchester, UK (or Geneva, CH)",GB
153.92.43.251,1627,6499,-0.8727565,52.2808684,Northampton,GB
185.194.168.88,2847,7021,-1.1742916,52.9886973,Nottingham,GB
80.82.241.134,1645,6512,-1.2701652,51.7779581,Oxford,GB
5.62.127.14,1848,6647,-0.97925,51.427755,Reading,GB
153.92.43.249,1626,6515,-0.16988,51.239208,Redhill,GB
37.10.44.14,1295,6405,-0.6290497,51.5224625,"Slough, UK",GB
5.57.16.65,420,6087,-0.62416,51.521187,Slough,GB
90.223.193.3,1378,6382,-0.5950406,51.5105384,Slough,GB
68.232.36.46,1064,6289,-77.4874416,39.0437567,Ashburn,US
192.73.253.2,1838,6585,-77.4608979,39.0219927,Ashburn,US
208.90.108.84,2720,7087,-94.1685005,36.0427031,"Fayetteville, AR, US",US
152.195.80.35,1793,6572,-84.3879824,33.7489954,"Atlanta, GA, USA",US
144.202.18.114,1518,6454,-84.4208774,33.7777175,Atlanta,US
209.195.0.34,2367,6859,-84.46537,33.8897467,Atlanta,US
170.39.65.69,2648,6938,-96.8195254,32.8002967,"Austin, TX, USA",US
204.8.154.50,2520,6899,-71.1041893,42.3490961,Boston,US
185.114.152.90,761,6222,-71.0602708,42.3546992,Boston,US
185.57.190.200,1791,6557,-78.8753185,42.8930489,Buffalo,US
34.68.239.153,1875,6613,-95.8608333,41.2619444,"Council Bluffs, Iowa, USA",US
156.154.39.254,2499,6987,-87.9548634,42.0010976,"Chicago, US",US
92.38.176.25,1925,6629,-87.618252,41.853701,Chicago,US
66.42.119.57,1512,6597,-87.9619655,41.9942563,Chicago,US
204.42.254.42,1248,6343,-87.6183422,41.8536495,Chicago,US
3.17.51.141,1545,6472,-82.9987942,39.9611755,Columbus,US
192.136.136.221,1286,6341,-77.4310992,38.8942786,Chantilly,US
156.154.40.254,2500,6988,-96.8195254,32.8002967,Dallas,US
208.80.152.244,2876,7038,-96.9300035,32.9918474,Dallas,US
151.139.52.113,2160,6822,-96.8195254,32.8002967,Dallas,US
128.164.88.178,2716,6957,-77.0458772,38.8976344,"Washington, DC",US
206.144.243.4,1880,6692,-96.7940781,32.786645,Dallas tx,US
152.199.96.35,974,6292,-104.990251,39.7392358,Denver,US
104.196.238.136,1996,6698,-121.1786823,45.5945645,The Dalles,US
104.225.3.74,1151,6379,-78.8794301,35.9347588,Durham,US
163.237.247.18,1004,6280,-87.9703461,42.0039178,Elk Grove Village,US
23.131.160.206,1583,6480,-121.9201106,37.4718094,"Fremont, CA, USA",US
79.110.170.42,2376,6832,-121.920299,37.471829,Fremont,US
5.188.202.25,2435,7045,-121.9310449,37.4898965,Fremont,US
23.161.80.46,2731,6950,-121.9201106,37.4718094,Fremont,US
23.168.145.10,2553,6898,-121.9201106,37.4718094,"Fremont, CA",US
85.202.203.201,2373,6836,-121.9201106,37.4718094,Fremont,US
23.157.112.121,2378,6833,-121.9201106,37.4718094,"Fremont, CA",US
45.79.110.82,2560,6909,-121.9201106,37.4718094,Fremont,US
204.87.183.13,1582,6482,-121.9201106,37.4718094,"Fremont, CA",US
173.248.145.27,2379,6835,-104.8915092,39.618102,Greenwood Village,US
204.9.93.238,1955,6804,-77.3804421,38.9628827,Herndon VA,US
192.5.203.212,1782,6565,-87.662573,40.45854,"Hoopeston, IL, USA",US
216.37.47.154,1442,6418,-86.145575,39.9631835,"Indianapolis, Indiana USA",US
192.1.110.32,2263,6875,-71.1475438,42.3897371,Cambridge,US
69.89.207.87,1069,6287,-96.5198286,48.5768184,Karlstad,US
156.154.38.254,2501,6989,-118.2593775,34.0487865,Los Angeles,US
34.94.50.16,2012,6697,-118.2436849,34.0522342,Los Angeles,US
37.10.126.72,1845,6649,-118.255725,34.047846,Los Angeles,US
149.248.18.65,1510,6598,-118.2353742,34.0581033,Los Angeles,US
149.20.162.6,1616,6492,-118.2575729,34.0475518,Los Angeles,US
63.218.212.242,2298,6811,-118.2557059,34.0479152,Los Angeles,US
192.172.226.235,841,6229,-117.2398167,32.8842436,La Jolla,US
206.144.240.4,1737,6634,-93.2545804,44.9714084,"Minneapolis,MN,USA",US
156.154.37.254,2502,6990,-80.1931295,25.7823647,"Miami, FL",US
152.195.88.35,973,6266,-80.1917902,25.7616798,Miami,US
92.38.132.60,1945,6643,-80.1931295,25.7758686,Miami,US
109.230.214.3,1847,6590,-80.1930802,25.7760095,Miami,US
207.246.74.246,1519,6452,-80.2301272,25.7975372,Miami,US
177.124.130.57,3147,7116,-80.1931295,25.7758686,Miami,US
108.59.192.190,2524,6884,-94.5672382,39.0972116,Kansas City,US
69.30.249.206,1374,6373,-94.5811036,39.1008094,Kansas City,US
23.128.248.9,2943,7061,-94.5788092,39.1012084,Kansas City,US
165.140.142.122,2970,7060,-94.5775575,39.1368778,Kansas City,US
35.243.131.207,1873,6614,-80.0131374,33.1960027,"Moncks Corner, South Carolina, USA",US
170.39.225.183,2537,6925,-94.5786447,39.1373892,"North Kansas City, MO, US",US
156.154.35.254,2492,6946,-74.0020673,40.740727,New York,US
104.131.160.184,2747,6972,-74.0059728,40.7127753,New York City,US
109.230.208.226,2169,6783,-74.0083332,40.7176643,New York City,US
217.243.179.165,2900,7065,-74.0083332,40.7176643,New York City,US
23.157.160.140,2088,6725,-74.007967,40.7433831,New York,US
162.255.145.7,1818,6574,-74.0695593,40.7772608,New York,US
68.121.162.125,2715,6964,-122.22335686,37.8610511,Oakland,US
171.67.70.16,1560,6525,-122.1733617,37.4300473,"Palo Alto, CA, U.S.A.",US
52.25.230.98,1256,6394,-122.6764815,45.5230622,"Portland, OR, USA",US
104.225.102.122,1397,6408,-112.0080739,33.4162024,Phoenix,US
50.28.98.185,490,6101,-112.0092145,33.4159541,Phoenix,US
207.246.88.250,1502,6436,-74.4847346,40.5569046,Piscataway,US
208.40.192.202,1395,6388,-80.0424572,40.4273503,Pittsburgh,US
74.119.118.17,2155,6782,-122.014572,37.3996125,Plano,US
23.157.112.130,2314,6831,-118.0890585,34.1686537,Pasadena,US
156.154.119.254,2506,6991,-77.4512935,39.0208636,"Ashburn, US",US
208.80.155.69,374,6092,-77.4874416,39.0437567,Ashburn,US
35.186.175.121,1874,6615,-77.4874416,39.0437567,"Ashburn, Virginia, USA",US
34.202.174.53,1570,6474,-77.4874416,39.0437567,"Ashburn, VA, US",US
74.119.119.255,2154,6770,-77.4785135,39.0011796,Ashburn,US
37.10.42.14,1297,6479,-77.4577808,39.0143165,"Ashburn (Virginia, USA)",US
208.73.138.12,1441,6428,-77.4362683,37.6990014,Ashland,US
107.162.216.5,1404,6524,-77.4590225,39.0163627,Ashburn,US
199.119.65.55,1662,6517,-77.4593699,39.0160656,Ashburn,US
66.244.16.33,2914,7052,-122.4012261,40.5802787,"Redding, CA, US",US
63.218.125.154,1988,6769,-77.364564,38.9506292,Reston,US
170.39.224.221,2535,6928,-77.3644027,38.9505844,"Reston, VA, US",US
156.154.41.254,2504,6947,-122.3397368,47.6144252,"Seattle, US",US
152.195.92.35,976,6264,-122.3320708,47.6062095,Seattle,US
45.77.211.82,1505,6434,-122.3388835,47.6143474,Seattle,US
205.201.63.22,2904,7043,-122.3388835,47.6143474,"Seattle, WA, USA",US
23.129.64.254,2611,6934,-122.3388835,47.6143474,Seattle,US
141.193.21.100,2230,6794,-122.2938323,47.4931577,"Seattle, WA, USA",US
107.162.223.5,1405,6407,-122.3629748,47.6217772,Seattle,US
170.39.227.194,2536,7011,-122.3381933,47.6136997,"Seattle, WA, US",US
23.138.112.22,3121,7105,-83.2381377,42.4716122,Southfield,US
208.86.250.253,1373,6389,-83.2568883,42.4466228,Detroit,US
198.35.26.244,375,6095,-122.3978233,37.7233428,San Francisco,US
13.52.39.20,1544,6473,-122.4194155,37.7749295,San Francisco,US
185.174.157.222,2033,6685,-121.988583,37.5485396,San Francisco,US
74.118.183.197,2375,6871,-113.6071663,37.0815135,"Saint George, UT",US
68.64.60.178,2236,7014,-76.9645479,39.058289,"Silver Spring, MD, USA",US
156.154.36.254,2505,6992,-121.7816047,37.2418698,"San Jose, US",US
128.199.5.28,2748,6973,-121.9552356,37.3541079,San Jose,US
149.28.210.233,1511,6599,-121.8914914,37.334188,San Jose,US
107.162.217.5,1393,6411,-121.7831415,37.2415866,San Jose,US
216.171.180.239,2211,6781,-76.1509979,43.0396653,"Syracuse, NY",US
204.15.11.34,1003,6274,-122.2865924,47.4957379,Tukwila,US
207.148.2.169,1504,6437,-96.794157,32.7872315,Dallas,US
104.225.15.170,1398,6409,-96.8784101,32.8379402,Dallas,US
216.171.184.239,2941,7058,-75.2352809,43.099796,"Utica, NY",US
92.38.169.178,1944,6644,-74.0759086,40.7778177,Secaucus,US
170.39.226.151,2538,6927,-74.0752848,40.7854228,"Secaucus, NJ, USA",US
144.172.124.251,3095,7095,-74.174759,40.606872,Staten Island,US
76.26.115.194,344,6072,-75.6054882,39.9606643,West Chester,US
147.135.78.61,2091,6797,-77.6737906,38.7464553,"Warrenton, VA, USA",US
206.196.178.150,1822,6588,-77.2115936,38.9199543,"McLean, VA, USA",US
200.7.84.24,346,6054,-56.1819444,-34.8836111,Montevideo,UY
101.53.31.6,2026,6718,106.7028941,10.7882534,Ho Chi Minh City,VN
196.40.111.147,2967,7062,18.465223,-33.970872,"Cape Town, South Africa",ZA
197.80.75.4,337,6053,28.00617703,-26.14406419,Johannesburg,ZA
156.154.135.254,2507,6993,28.1975446,-26.138037,"Johannesburg, ZA",ZA
41.79.249.228,2220,6779,28.2021014,-26.1365724,Johannesburg,ZA
197.189.194.147,2966,7063,28.1418086,-25.928153,"Johannesburg, South Africa",ZA
196.10.53.7,697,6179,28.03482492,-26.14406419,Johannesburg,ZA
188.172.217.86,1444,6569,28.1976125,-26.137891,Johannesburg,ZA
102.130.49.144,2708,6935,28.1975446,-26.138037,Johannesburg,ZA
